date,India,Republic of Korea,Brazil,Spain,United States of America,Mexico,Germany,China,Total_deaths
1/3/20,0,0,0,0,0,0,0,0,0
1/4/20,0,0,0,0,0,0,0,0,0
1/5/20,0,0,0,0,0,0,0,0,0
1/6/20,0,0,0,0,0,0,0,0,0
1/7/20,0,0,0,0,0,0,0,0,0
1/8/20,0,0,0,0,0,0,0,0,0
1/9/20,0,0,0,0,0,0,0,0,0
1/10/20,0,0,0,0,0,0,0,0,0
1/11/20,0,0,0,0,0,0,0,0,0
1/12/20,0,0,0,0,0,0,0,1,1
1/13/20,0,0,0,0,0,0,0,1,1
1/14/20,0,0,0,0,0,0,0,1,1
1/15/20,0,0,0,0,0,0,0,1,1
1/16/20,0,0,0,0,0,0,0,1,1
1/17/20,0,0,0,0,0,0,0,2,2
1/18/20,0,0,0,0,0,0,0,2,2
1/19/20,0,0,0,0,0,0,0,3,3
1/20/20,0,0,0,0,0,0,0,4,4
1/21/20,0,0,0,0,0,0,0,6,6
1/22/20,0,0,0,0,0,0,0,17,17
1/23/20,0,0,0,0,0,0,0,18,18
1/24/20,0,0,0,0,0,0,0,26,26
1/25/20,0,0,0,0,0,0,0,42,42
1/26/20,0,0,0,0,0,0,0,56,56
1/27/20,0,0,0,0,0,0,0,82,82
1/28/20,0,0,0,0,0,0,0,131,131
1/29/20,0,0,0,0,0,0,0,133,133
1/30/20,0,0,0,0,0,0,0,171,171
1/31/20,0,0,0,0,0,0,0,213,213
2/1/20,0,0,0,0,0,0,0,259,259
2/2/20,0,0,0,0,0,0,0,361,361
2/3/20,0,0,0,0,0,0,0,425,425
2/4/20,0,0,0,0,0,0,0,491,491
2/5/20,0,0,0,0,0,0,0,563,563
2/6/20,0,0,0,0,0,0,0,633,633
2/7/20,0,0,0,0,0,0,0,718,718
2/8/20,0,0,0,0,0,0,0,805,805
2/9/20,0,0,0,0,0,0,0,905,905
2/10/20,0,0,0,0,0,0,0,1012,1012
2/11/20,0,0,0,0,0,0,0,1112,1112
2/12/20,0,0,0,0,0,0,0,1117,1117
2/13/20,0,0,0,0,0,0,0,1369,1369
2/14/20,0,0,0,0,0,0,0,1521,1521
2/15/20,0,0,0,1,0,0,0,1663,1664
2/16/20,0,0,0,1,0,0,0,1767,1768
2/17/20,0,0,0,1,0,0,0,1865,1866
2/18/20,0,0,0,1,0,0,0,2004,2005
2/19/20,0,0,0,1,0,0,0,2117,2118
2/20/20,0,1,0,1,0,0,0,2239,2241
2/21/20,0,1,0,1,0,0,1,2239,2242
2/22/20,0,3,0,1,0,0,1,2444,2449
2/23/20,0,3,0,1,0,0,1,2446,2451
2/24/20,0,7,0,1,0,0,1,2596,2605
2/25/20,0,8,0,1,0,0,1,2666,2676
2/26/20,0,11,0,1,0,0,1,2718,2731
2/27/20,0,12,0,1,0,0,1,2747,2761
2/28/20,0,13,0,1,0,0,1,2791,2806
2/29/20,0,16,0,1,1,0,1,2838,2857
3/1/20,0,17,0,1,1,0,1,2873,2893
3/2/20,0,23,0,1,2,0,1,2915,2942
3/3/20,0,28,0,1,2,0,1,2948,2980
3/4/20,0,32,0,1,8,0,1,2984,3026
3/5/20,0,35,0,2,11,0,3,3016,3067
3/6/20,0,42,0,4,13,0,4,3045,3108
3/7/20,0,44,0,5,16,0,8,3073,3146
3/8/20,0,50,0,8,19,0,12,3101,3190
3/9/20,0,51,0,11,24,0,13,3124,3223
3/10/20,0,54,0,25,28,0,20,3140,3267
3/11/20,0,60,0,42,32,0,24,3162,3320
3/12/20,0,66,0,70,39,0,34,3173,3382
3/13/20,1,67,0,105,51,0,46,3181,3451
3/14/20,2,72,0,164,58,0,62,3194,3552
3/15/20,2,75,0,243,69,0,82,3204,3675
3/16/20,2,75,0,351,82,0,97,3218,3825
3/17/20,3,81,0,482,101,0,132,3231,4030
3/18/20,3,84,0,665,122,0,176,3242,4292
3/19/20,4,91,1,856,149,0,239,3250,4590
3/20/20,4,94,4,1102,213,3,304,3255,4979
3/21/20,4,102,4,1424,282,3,400,3261,5480
3/22/20,7,104,11,1857,374,4,495,3267,6119
3/23/20,9,111,11,2363,486,4,575,3276,6835
3/24/20,9,120,25,2914,608,6,705,3283,7670
3/25/20,10,126,34,3600,768,7,872,3287,8704
3/26/20,13,131,46,4323,980,10,1090,3293,9886
3/27/20,17,139,57,5147,1282,12,1357,3298,11309
3/28/20,19,144,77,6018,1619,20,1622,3301,12820
3/29/20,25,152,92,6927,2105,28,1869,3306,14504
3/30/20,29,158,114,7766,2664,43,2035,3310,16119
3/31/20,32,162,136,8577,3333,52,2301,3314,17907
4/1/20,38,165,159,9490,3958,66,2684,3321,19881
4/2/20,50,169,201,10389,4945,92,3060,3327,22233
4/3/20,56,174,241,11284,6066,114,3480,3331,24746
4/4/20,68,177,299,12142,7375,140,3877,3335,27413
4/5/20,77,183,359,12928,8745,174,4123,3338,29927
4/6/20,109,186,432,13668,10292,214,4305,3340,32546
4/7/20,114,192,486,14418,12161,247,4596,3340,35554
4/8/20,149,200,553,15184,13860,305,4936,3342,38529
4/9/20,169,204,667,15920,15956,367,5280,3344,41907
4/10/20,199,208,800,16669,18199,416,5606,3345,45442
4/11/20,239,211,941,17336,20406,478,5815,3349,48775
4/12/20,273,214,1056,18012,22634,556,6016,3349,52110
4/13/20,308,217,1124,18640,24836,637,6185,3351,55298
4/14/20,339,222,1223,19184,26703,725,6349,3351,58096
4/15/20,377,225,1328,19771,28594,827,6568,3352,61042
4/16/20,414,229,1532,20378,31062,941,6801,3352,64709
4/17/20,437,230,1736,20930,33765,1056,6992,3352,68498
4/18/20,480,232,1924,21417,36220,1163,7166,4642,73244
4/19/20,507,234,2141,21924,38533,1305,7289,4642,76575
4/20/20,543,236,2347,22359,40408,1442,7408,4642,79385
4/21/20,590,237,2462,22760,42416,1623,7558,4642,82288
4/22/20,640,238,2575,23147,44474,1834,7699,4642,85249
4/23/20,681,240,2741,23574,47123,2049,7824,4642,88874
4/24/20,718,240,2906,23918,49368,2265,7941,4642,91998
4/25/20,775,240,3313,24249,51367,2495,8025,4642,95106
4/26/20,824,242,3670,24579,53459,2758,8105,4642,98279
4/27/20,872,243,4016,24874,55325,3048,8135,4643,101156
4/28/20,934,244,4205,25146,56870,3358,8210,4643,103610
4/29/20,1007,246,4543,25404,58383,3643,8293,4643,106162
4/30/20,1074,247,5017,25663,60490,3969,8351,4643,109454
5/1/20,1147,248,5466,25899,62907,4355,8422,4643,113087
5/2/20,1218,250,5901,26122,65144,4709,8470,4643,116457
5/3/20,1301,250,6329,26298,67069,5119,8506,4643,119515
5/4/20,1373,252,6750,26500,68677,5477,8522,4643,122194
5/5/20,1568,254,7025,26697,70113,5846,8563,4643,124709
5/6/20,1694,255,7321,26883,71360,6307,8608,4643,127071
5/7/20,1783,256,7921,27066,73795,6756,8648,4643,130868
5/8/20,1886,256,8536,27219,76135,7170,8697,4643,134542
5/9/20,1981,256,9146,27385,78211,7573,8742,4643,137937
5/10/20,2109,256,9897,27531,79826,8012,8765,4643,141039
5/11/20,2206,256,10627,27656,81317,8430,8779,4643,143914
5/12/20,2293,258,11123,27766,82401,8887,8805,4644,146177
5/13/20,2415,259,11519,27888,83465,9347,8839,4644,148376
5/14/20,2549,260,12400,28002,84993,9834,8866,4644,151548
5/15/20,2649,260,13149,28089,86492,10324,8886,4644,154493
5/16/20,2752,262,13993,28176,88429,10870,8917,4644,158043
5/17/20,2872,262,14817,28253,89981,11426,8937,4645,161193
5/18/20,3029,263,15633,28316,91201,11960,8945,4645,163992
5/19/20,3163,263,16118,28377,92127,12547,8968,4645,166208
5/20/20,3303,263,16792,28449,93095,13138,8994,4645,168679
5/21/20,3435,264,17971,28519,94280,13717,9017,4645,171848
5/22/20,3583,264,18859,28576,95646,14288,9024,4645,174885
5/23/20,3720,266,20047,28645,96741,14860,9040,4645,177964
5/24/20,3867,266,21048,28716,98537,15420,9051,4645,181550
5/25/20,4021,267,22013,28776,99463,15959,9056,4645,184200
5/26/20,4167,269,22666,28831,100277,16567,9069,4645,186491
5/27/20,4337,269,23473,28899,100955,17195,9084,4645,188857
5/28/20,4531,269,24512,28953,101783,17806,9096,4645,191595
5/29/20,4706,269,25598,28999,103080,18400,9106,4645,194803
5/30/20,4971,269,26754,29043,104295,19023,9114,4645,198114
5/31/20,5164,270,27878,29088,105337,19598,9118,4645,201098
6/1/20,5394,271,28834,29131,106236,20207,9121,4645,203839
6/2/20,5598,272,29314,29171,106921,20841,9126,4645,205888
6/3/20,5815,273,29937,29205,107610,21532,9134,4645,208151
6/4/20,6075,273,31199,29252,108550,22181,9144,4645,211319
6/5/20,6348,273,32548,29291,109568,22857,9151,4645,214681
6/6/20,6642,273,34021,29339,110444,23513,9156,4645,218033
6/7/20,6929,273,35026,29363,111319,24110,9161,4645,220826
6/8/20,7200,273,35930,29392,111993,24777,9165,4645,223375
6/9/20,7471,274,36455,29413,112579,25465,9168,4645,225470
6/10/20,7745,276,37134,29443,113369,26203,9169,4645,227984
6/11/20,8102,276,38406,29458,114195,26894,9179,4645,231155
6/12/20,8498,277,39680,29489,115065,27600,9180,4645,234434
6/13/20,8884,277,40919,29514,115961,28270,9192,4645,237662
6/14/20,9195,277,41828,29534,116689,29001,9193,4645,240362
6/15/20,9520,277,42720,29557,117372,29697,9199,4645,242987
6/16/20,9900,278,43332,29577,117862,30416,9203,4645,245213
6/17/20,11903,279,43959,29597,118399,31130,9214,4645,249126
6/18/20,12237,280,45241,29608,119069,31905,9221,4645,252206
6/19/20,12573,280,46510,29634,119743,32657,9224,4645,255266
6/20/20,12948,280,47748,29646,120399,33336,9233,4645,258235
6/21/20,13254,280,48954,29663,121143,33987,9237,4646,261164
6/22/20,13699,280,49976,29677,121718,34605,9240,4646,263841
6/23/20,14011,281,50617,29692,122136,35297,9241,4646,265921
6/24/20,14476,281,51271,29699,122567,35966,9245,4647,268152
6/25/20,14894,282,52645,29707,123304,36609,9247,4647,271335
6/26/20,15301,282,53830,29719,123994,37258,9252,4648,274284
6/27/20,15685,282,54971,29731,126539,37885,9259,4648,279000
6/28/20,16095,282,55961,29740,127245,38556,9261,4648,281788
6/29/20,16475,282,57070,29742,127822,39255,9261,4648,284555
6/30/20,16893,282,57622,29754,128261,39946,9265,4648,286671
7/1/20,17400,282,58314,29765,128738,40706,9266,4648,289119
7/2/20,17834,282,59594,29776,129378,41425,9271,4648,292208
7/3/20,18213,282,60632,29786,130160,42118,9275,4648,295114
7/4/20,18655,283,61884,29787,130864,42821,9281,4648,298223
7/5/20,19268,283,63174,29792,131674,43527,9283,4648,301649
7/6/20,19693,284,64265,29799,132215,44265,9287,4648,304456
7/7/20,20160,285,64867,29801,132670,45018,9293,4648,306742
7/8/20,20642,285,65487,29804,133296,45845,9297,4648,309304
7/9/20,21129,287,66741,29810,134219,46669,9303,4648,312806
7/10/20,21604,288,67964,29815,135307,47409,9308,4648,316343
7/11/20,22123,288,69184,29816,136257,48173,9311,4648,319800
7/12/20,22674,289,70398,29821,137204,48901,9311,4648,323246
7/13/20,23174,289,71469,29828,138094,49643,9312,4648,326457
7/14/20,23727,289,72100,29830,138932,50402,9317,4649,329246
7/15/20,24309,289,72833,29832,139669,51238,9319,4649,332138
7/16/20,24915,291,74133,29836,140589,52046,9325,4651,335786
7/17/20,25602,293,75366,29841,141712,52850,9332,4651,339647
7/18/20,26273,294,76688,29843,142792,53665,9338,4652,343545
7/19/20,26816,295,77851,29846,143879,54435,9338,4653,347113
7/20/20,27497,296,78772,29849,144874,55182,9342,4653,350465
7/21/20,28084,296,79488,29855,145808,55985,9346,4653,353515
7/22/20,28732,297,80120,29863,146688,56789,9350,4655,356494
7/23/20,29861,297,81487,29871,147867,57629,9359,4655,361026
7/24/20,30601,298,82771,29875,149058,58381,9362,4656,365002
7/25/20,31358,298,84082,29879,150323,59166,9372,4657,369135
7/26/20,32063,298,85238,29887,151602,59899,9375,4659,373021
7/27/20,32771,299,86449,29898,152745,60678,9375,4659,376874
7/28/20,33425,300,87004,29905,153698,61463,9382,4663,379840
7/29/20,34193,300,87618,29915,154644,62272,9386,4664,382992
7/30/20,34968,300,88539,29928,155824,63050,9391,4665,386665
7/31/20,35747,301,90134,29939,156989,63735,9396,4666,390907
8/1/20,36511,301,91263,29950,158406,64483,9409,4668,394991
8/2/20,37364,301,92475,29967,159783,65157,9410,4674,399131
8/3/20,38135,301,93563,29980,160909,65892,9411,4677,402868
8/4/20,38938,301,94104,29994,161828,66589,9420,4678,405852
8/5/20,39795,302,94665,30006,162707,67348,9426,4683,408932
8/6/20,40699,302,95819,30026,163783,68125,9429,4684,412867
8/7/20,41585,303,97256,30039,165038,68845,9436,4687,417189
8/8/20,42518,304,98493,30070,166242,69539,9441,4688,421295
8/9/20,43379,305,99572,30093,167547,70184,9443,4688,425211
8/10/20,44386,305,100477,30128,168589,70866,9445,4693,428889
8/11/20,45257,305,101049,30147,169485,71518,9447,4696,431904
8/12/20,46091,305,101752,30179,170297,72194,9449,4699,434966
8/13/20,47033,305,103026,30210,171386,72894,9459,4704,439017
8/14/20,48040,305,104201,30242,172716,73512,9461,4707,443184
8/15/20,49036,305,105463,30268,173906,74126,9467,4708,447279
8/16/20,49980,305,106523,30305,174957,74706,9471,4710,450957
8/17/20,50921,305,107232,30333,175899,75292,9476,4710,454168
8/18/20,51797,306,107852,30356,176791,75868,9484,4710,457164
8/19/20,52889,306,108536,30387,177435,76495,9494,4712,460254
8/20/20,53866,307,109888,30433,178365,77062,9495,4713,464129
8/21/20,54849,309,111100,30480,179632,77647,9502,4716,468235
8/22/20,55794,309,112304,30522,180624,78212,9505,4716,471986
8/23/20,56706,309,113358,30566,181628,78771,9507,4717,475562
8/24/20,57542,309,114250,30612,182627,79344,9507,4718,478909
8/25/20,58390,310,114744,30667,183467,79869,9512,4718,481677
8/26/20,59449,312,115309,30725,184070,80410,9514,4719,484508
8/27/20,60472,313,116580,30770,184949,80955,9516,4720,488275
8/28/20,61529,316,117665,30823,186002,81476,9517,4722,492050
8/29/20,62550,321,118649,30874,186954,81970,9520,4725,495563
8/30/20,63498,323,119504,30951,187983,82502,9522,4728,499011
8/31/20,64469,324,120462,31004,188804,83014,9525,4729,502331
9/1/20,65288,324,120828,31062,189531,83541,9529,4730,504833
9/2/20,66333,326,121381,31129,190105,84089,9532,4731,507626
9/3/20,67376,329,122596,31197,190961,84597,9535,4734,511325
9/4/20,68472,331,123780,31276,191827,85087,9542,4735,515050
9/5/20,69561,333,124614,31358,192774,85579,9549,4735,518503
9/6/20,70626,334,125521,31443,193683,86058,9556,4735,521956
9/7/20,71642,336,126203,31513,194470,86521,9560,4737,524982
9/8/20,72775,341,126650,31577,195160,86981,9566,4739,527789
9/9/20,73890,344,126960,31659,195573,87472,9585,4740,530223
9/10/20,75062,346,127464,31745,196135,87900,9594,4740,532986
9/11/20,76271,350,128539,31852,196961,88382,9600,4740,536695
9/12/20,77472,355,129522,31947,197785,88822,9612,4740,540255
9/13/20,78586,358,130396,32048,198655,89266,9620,4741,543670
9/14/20,79722,363,131210,32155,199308,89731,9628,4741,546858
9/15/20,80776,367,131625,32261,200047,90134,9633,4742,549585
9/16/20,82066,367,132006,32377,200483,90585,9649,4743,552276
9/17/20,83198,372,133119,32515,201234,91027,9664,4743,555872
9/18/20,84372,377,134106,32624,202324,91449,9673,4743,559668
9/19/20,85619,378,134935,32750,203049,91850,9688,4744,563013
9/20/20,86752,383,135793,32867,203865,92221,9700,4744,566325
9/21/20,87882,385,136532,32993,204524,92622,9710,4744,569392
9/22/20,88935,388,136895,33101,204989,93045,9728,4744,571825
9/23/20,90020,388,137272,33228,205559,93454,9743,4744,574408
9/24/20,91149,393,138108,33358,206208,93885,9754,4745,577600
9/25/20,92290,395,138977,33475,207106,94281,9772,4745,581041
9/26/20,93379,399,139808,33612,207846,94691,9787,4746,584268
9/27/20,94503,401,140537,33748,208609,95061,9813,4746,587418
9/28/20,95542,406,141406,33866,209280,95448,9820,4746,590514
9/29/20,96318,407,141741,33991,209780,95812,9839,4746,592634
9/30/20,97497,413,142058,34136,210182,96189,9854,4746,595075
10/1/20,98678,415,142921,34287,210983,96562,9870,4746,598462
10/2/20,99773,416,143952,34445,211668,96915,9896,4746,601811
10/3/20,100842,420,144680,34589,212403,97280,9921,4746,604881
10/4/20,101782,421,145388,34725,213308,97647,9933,4746,607950
10/5/20,102685,422,145987,34836,213856,98011,9942,4746,610485
10/6/20,103569,422,146352,34937,214454,98358,9976,4746,612814
10/7/20,104555,425,146675,35072,214974,98732,10003,4746,615182
10/8/20,105526,427,147494,35206,215605,99095,10037,4746,618136
10/9/20,106490,428,148228,35343,216400,99452,10079,4746,621166
10/10/20,107416,430,148957,35479,217126,99809,10123,4746,624086
10/11/20,108334,432,149639,35632,217913,100135,10162,4746,626993
10/12/20,109150,433,150198,35774,218588,100519,10187,4746,629595
10/13/20,109856,434,150488,35890,219161,100882,10246,4746,631703
10/14/20,110586,438,150689,36020,219666,101304,10303,4746,633752
10/15/20,111266,439,150998,36173,220316,101688,10366,4746,635992
10/16/20,112161,441,151747,36318,221135,102060,10447,4746,639055
10/17/20,112998,443,152460,36474,221844,102456,10537,4746,641958
10/18/20,114031,444,153214,36643,222718,102824,10597,4746,645217
10/19/20,114610,444,153675,36790,223407,103221,10651,4746,647544
10/20/20,115197,447,153905,36944,224152,103622,10738,4746,649751
10/21/20,115914,450,154176,37125,224768,104094,10868,4746,652141
10/22/20,116616,453,154837,37315,225562,104531,11011,4746,655071
10/23/20,117306,455,155403,37495,226600,105008,11217,4746,658230
10/24/20,117956,457,155900,37708,227522,105471,11416,4746,661176
10/25/20,118534,457,156471,37932,228465,105931,11539,4746,664075
10/26/20,119014,457,156903,38127,229262,106376,11664,4746,666549
10/27/20,119502,460,157134,38331,229863,106862,11904,4746,668802
10/28/20,120010,461,157397,38559,230562,107362,12142,4746,671239
10/29/20,120527,462,157946,38806,231455,107825,12390,4746,674157
10/30/20,121090,463,158456,39057,232522,108306,12660,4746,677300
10/31/20,121641,464,158969,39316,233620,108797,12920,4746,680473
11/1/20,122111,466,159477,39591,234532,109267,13114,4746,683304
11/2/20,122607,468,159884,39862,235464,109717,13284,4746,686032
11/3/20,123097,472,160074,40133,236173,110176,13562,4746,688433
11/4/20,123611,474,160253,40442,236916,110687,13893,4746,691022
11/5/20,124315,475,160496,40770,237950,111181,14209,4747,694143
11/6/20,124985,476,161106,41130,239248,111675,14548,4748,697916
11/7/20,125562,477,161736,41463,240458,112197,14801,4748,701442
11/8/20,126121,478,162015,41821,241746,112749,15020,4748,704698
11/9/20,126611,480,162269,42112,242822,113223,15185,4748,707450
11/10/20,127059,485,162397,42437,243707,113722,15508,4748,710063
11/11/20,127571,487,162628,42764,244644,114243,15854,4749,712940
11/12/20,128121,487,162829,43114,246320,114729,16274,4749,716623
11/13/20,128668,488,163373,43477,247840,115247,16705,4749,720547
11/14/20,129188,492,164281,43841,249197,115793,17121,4749,724662
11/15/20,129635,493,164737,44201,250455,116310,17493,4749,728073
11/16/20,130070,494,165658,44506,251914,116818,17717,4749,731926
11/17/20,130519,494,165798,44794,252945,117332,18166,4749,734797
11/18/20,130993,496,166014,45120,253987,117849,18678,4749,737886
11/19/20,131578,498,166699,45499,255573,118417,19209,4749,742222
11/20/20,132162,501,167455,45795,257417,118951,19774,4749,746804
11/21/20,132726,503,168061,46110,259317,119447,20306,4749,751219
11/22/20,133227,505,168613,46437,261286,120019,20650,4749,755486
11/23/20,133738,509,168989,46723,262984,120576,20935,4749,759203
11/24/20,134218,510,169183,46984,264290,121201,21407,4749,762542
11/25/20,134699,513,169485,47305,265736,121766,21916,4749,766169
11/26/20,135223,515,170115,47560,267617,122337,22507,4749,770623
11/27/20,135715,516,170769,47855,269898,122887,23165,4749,775554
11/28/20,136200,522,171460,48151,271566,123459,23791,4749,779898
11/29/20,136696,523,171974,48421,273219,124079,24196,4750,783858
11/30/20,137139,526,172561,48642,274718,124642,24522,4750,787500
12/1/20,137621,526,172833,48864,275998,125220,25059,4750,790871
12/2/20,138122,526,173120,49095,277571,125864,25717,4750,794765
12/3/20,138648,529,173817,49328,279939,126521,26455,4751,799988
12/4/20,139188,536,174515,49551,282709,127132,27306,4752,805689
12/5/20,139700,540,175270,49791,285428,127726,28118,4753,811326
12/6/20,140182,545,175964,50021,288045,128314,28631,4753,816455
12/7/20,140573,549,176628,50221,290388,128958,28991,4753,821061
12/8/20,140958,552,176941,50395,291981,129597,29686,4753,824863
12/9/20,141360,556,177317,50599,293997,130271,30550,4753,829403
12/10/20,141772,564,178159,50781,296527,130904,31399,4755,834861
12/11/20,142186,572,178995,51004,299883,131592,32477,4755,841464
12/12/20,142628,578,179765,51193,302569,132262,33455,4755,847205
12/13/20,143019,580,180437,51410,305762,132958,34224,4756,853146
12/14/20,143355,587,181123,51596,308165,133683,34743,4758,858010
12/15/20,143709,600,181402,51761,310203,134388,35571,4761,862395
12/16/20,144096,612,181835,51929,312211,135132,36586,4764,867165
12/17/20,144451,634,182799,52118,314951,135881,37656,4764,873254
12/18/20,144789,645,183735,52268,318347,136617,38823,4766,879990
12/19/20,145136,659,184827,52444,321684,137357,39870,4770,886747
12/20/20,145477,674,185650,52621,324633,138115,40644,4770,892584
12/21/20,145810,698,186356,52763,327321,138914,41188,4771,897821
12/22/20,146111,722,186764,52920,329408,139692,42113,4772,902502
12/23/20,146444,739,187291,53071,331584,140579,43312,4773,907793
12/24/20,146756,756,188259,53253,334479,141389,44565,4774,914231
12/25/20,147092,773,189220,53447,337693,142211,45275,4776,920487
12/26/20,147343,793,190006,53606,340711,143054,45784,4777,926074
12/27/20,147622,808,190488,53751,342939,143890,46360,4777,930635
12/28/20,147901,819,190795,53928,344583,144771,46888,4778,934463
12/29/20,148153,859,191139,54098,346480,145687,47783,4782,938981
12/30/20,148439,879,191570,54293,348712,146652,49032,4784,944361
12/31/20,148738,900,192681,54459,352068,147623,50321,4788,951578
1/1/21,148994,917,193875,54666,355815,148569,51099,4789,958724
1/2/21,149218,942,194949,54859,359569,149455,51516,4790,965298
1/3/21,149435,962,195411,55033,362604,150442,52108,4791,970786
1/4/21,149649,981,195725,55218,364959,151435,52605,4791,975363
1/5/21,149850,1007,196018,55397,367004,152472,53382,4794,979924
1/6/21,150114,1027,196561,55586,369084,153584,54423,4794,985173
1/7/21,150336,1046,197732,55826,372557,154652,55339,4795,992283
1/8/21,150570,1081,198974,56007,376425,155813,56369,4795,1000034
1/9/21,150798,1100,200498,56248,380392,156877,57297,4796,1008006
1/10/21,150999,1125,201460,56493,384135,158072,57899,4798,1014981
1/11/21,151160,1140,202631,56723,387479,159215,58324,4799,1021471
1/12/21,151327,1165,203100,56969,390042,160427,58913,4800,1026743
1/13/21,151529,1185,203580,57256,392650,161742,59809,4801,1032552
1/14/21,151727,1195,204690,57547,396240,162980,60777,4803,1039959
1/15/21,151918,1217,205964,57837,400305,164226,61725,4803,1047995
1/16/21,152093,1236,207095,58157,404023,165496,62548,4803,1055451
1/17/21,152274,1249,208246,58556,407425,166812,63087,4804,1062453
1/18/21,152419,1264,209296,58920,410946,168105,63412,4804,1069166
1/19/21,152556,1283,209847,59289,413534,169507,63956,4805,1074777
1/20/21,152718,1300,210299,59702,415833,170916,64722,4807,1080297
1/21/21,152869,1316,211491,60192,418574,172362,65497,4808,1087109
1/22/21,153032,1328,212831,60654,422416,173853,66211,4809,1095134
1/23/21,153184,1337,214147,61149,426252,175285,66842,4810,1103006
1/24/21,153339,1349,215243,61719,429947,176678,67287,4810,1110372
1/25/21,153470,1360,216445,62172,432944,178031,67502,4811,1116735
1/26/21,153587,1371,217037,62694,435424,179453,67931,4814,1122311
1/27/21,153724,1378,217664,63229,437550,180929,68511,4816,1127801
1/28/21,153847,1386,218878,63784,441088,182346,69132,4818,1135279
1/29/21,154010,1399,220161,64388,445064,183670,69614,4820,1143126
1/30/21,154147,1414,221547,64966,448925,184919,70091,4821,1150830
1/31/21,154274,1420,222666,65507,452189,186165,70397,4823,1157441
2/1/21,154392,1425,223945,66025,454961,187403,70586,4825,1163562
2/2/21,154486,1435,224504,66517,457246,188583,70901,4826,1168498
2/3/21,154596,1441,225099,67067,459510,189878,71296,4828,1173715
2/4/21,154703,1448,226309,67563,462474,191142,71739,4829,1180207
2/5/21,154823,1459,227563,68066,465770,192314,72180,4831,1187006
2/6/21,154918,1464,228795,68562,468903,193404,72494,4831,1193371
2/7/21,154996,1471,230034,69031,472261,194452,72736,4831,1199812
2/8/21,155080,1474,231012,69449,475028,195502,72837,4831,1205213
2/9/21,155158,1482,231534,69837,476836,196469,73078,4831,1209225
2/10/21,155252,1486,232170,70255,478541,197540,73383,4833,1213460
2/11/21,155360,1496,233520,70650,480969,198512,73688,4834,1219029
2/12/21,155447,1507,234850,71065,483773,199401,73993,4836,1224872
2/13/21,155550,1514,236201,71429,487006,200324,74244,4837,1231105
2/14/21,155642,1522,237489,71771,492090,201180,74406,4838,1238938
2/15/21,155732,1527,238532,72057,495392,201951,74512,4838,1244541
2/16/21,155813,1534,239245,72306,496952,202741,74706,4838,1248135
2/17/21,155913,1538,239773,72597,498356,203545,74998,4840,1251560
2/18/21,156014,1544,240940,72895,499780,204327,75272,4842,1255614
2/19/21,156111,1550,242090,73157,501938,205084,75512,4842,1260284
2/20/21,156212,1553,243457,73401,504178,205771,75733,4842,1265147
2/21/21,156302,1557,244765,73627,506591,206499,75890,4842,1270073
2/22/21,156385,1562,245977,73813,508465,207119,75986,4842,1274149
2/23/21,156463,1573,246504,73998,510011,207840,76167,4842,1277398
2/24/21,156567,1576,247143,74229,511515,208572,76386,4842,1280830
2/25/21,156705,1581,248529,74417,513210,209183,76617,4843,1285085
2/26/21,156825,1585,249957,74625,515192,209785,76817,4843,1289629
2/27/21,156938,1595,251498,74823,518118,210372,76999,4843,1295186
2/28/21,157051,1603,252835,75001,520036,210945,77134,4843,1299448
3/1/21,157157,1605,254221,75166,521655,211533,77207,4844,1303388
3/2/21,157248,1606,254942,75316,522742,212130,77368,4845,1306197
3/3/21,157346,1612,255720,75454,523994,212713,77564,4845,1309248
3/4/21,157435,1619,257361,75608,525345,213279,77733,4845,1313225
3/5/21,157548,1627,259271,75756,526889,213792,77898,4846,1317627
3/6/21,157656,1632,260970,75895,528444,214308,78040,4846,1321791
3/7/21,157756,1634,262770,76028,530387,214831,78173,4848,1326427
3/8/21,157853,1642,264325,76157,531650,215318,78254,4848,1330047
3/9/21,157930,1645,265411,76256,532555,215805,78389,4848,1332839
3/10/21,158063,1648,266398,76380,533377,216326,78569,4848,1335609
3/11/21,158189,1652,268370,76502,534530,216794,78776,4849,1339662
3/12/21,158306,1662,270656,76608,536101,217330,78976,4849,1344488
3/13/21,158446,1667,272889,76705,537424,217821,79149,4849,1348950
3/14/21,158607,1669,275105,76813,538879,218235,79275,4849,1353432
3/15/21,158725,1675,277102,76901,539847,218669,79350,4849,1357118
3/16/21,158856,1678,278229,76982,540505,219134,79495,4849,1359728
3/17/21,159044,1686,279286,77090,541201,219548,79728,4849,1362432
3/18/21,159216,1688,282127,77205,542060,219941,79945,4849,1367031
3/19/21,159370,1690,284775,77301,543113,220348,80181,4849,1371627
3/20/21,159558,1693,287499,77373,543951,220724,80376,4849,1376023
3/21/21,159755,1696,290314,77443,545130,221111,80520,4849,1380818
3/22/21,159967,1697,292752,77513,545849,221464,80627,4849,1384718
3/23/21,160166,1704,294042,77580,546399,221847,80788,4849,1387375
3/24/21,160441,1707,295425,77653,547337,222211,81063,4850,1390687
3/25/21,160692,1709,298676,77750,548086,222614,81329,4850,1395706
3/26/21,160949,1716,300685,77815,549210,222960,81585,4850,1399770
3/27/21,161240,1721,303462,77887,550195,223262,81843,4851,1404461
3/28/21,161552,1722,307112,77976,551254,223552,82038,4851,1410057
3/29/21,161843,1726,310550,78043,552100,223873,82148,4851,1415134
3/30/21,162114,1729,312206,78117,552719,224230,82384,4851,1418350
3/31/21,162468,1731,313866,78206,553268,224570,82673,4851,1421633
4/1/21,162927,1735,317646,78290,553984,224893,82974,4851,1427300
4/2/21,163396,1737,321515,78373,554939,225213,83227,4851,1433251
4/3/21,164110,1740,325284,78454,555749,225514,83427,4851,1439129
4/4/21,164623,1744,328206,78525,556588,225823,83602,4851,1443962
4/5/21,165101,1748,330193,78604,557329,226129,83729,4851,1447684
4/6/21,165547,1752,331433,78665,557850,226401,83893,4851,1450392
4/7/21,166177,1756,332752,78741,558222,226716,84160,4851,1453375
4/8/21,166862,1758,336947,78829,558944,226995,84452,4851,1459638
4/9/21,167642,1764,340776,78922,559772,227307,84731,4851,1465765
4/10/21,168436,1765,345025,79007,560632,227600,84981,4853,1472299
4/11/21,169275,1768,348718,79092,561489,227883,85193,4853,1478271
4/12/21,170179,1770,351334,79182,562236,228163,85307,4854,1483025
4/13/21,171058,1775,353137,79234,562704,228435,85505,4854,1486702
4/14/21,172085,1782,354617,79333,563243,228696,85795,4855,1490406
4/15/21,173123,1788,358425,79413,563978,228994,86107,4856,1496684
4/16/21,174308,1790,361884,79506,564774,229269,86366,4856,1502753
4/17/21,175649,1794,365444,79588,565568,229552,86601,4856,1509052
4/18/21,177150,1797,368749,79671,566370,229806,86796,4856,1515195
4/19/21,178769,1801,371678,79752,566998,230069,86925,4856,1520848
4/20/21,180530,1802,373335,79812,567494,230281,87142,4856,1525252
4/21/21,182553,1806,374682,79899,567974,230514,87442,4856,1529726
4/22/21,184657,1808,378003,79978,568705,230768,87732,4856,1536507
4/23/21,186920,1811,381475,80052,569471,230998,88010,4856,1543593
4/24/21,189544,1812,383502,80122,570254,231204,88258,4856,1549552
4/25/21,192311,1813,386416,80200,571085,231413,88441,4856,1556535
4/26/21,195123,1817,389492,80276,571746,231624,88540,4857,1563475
4/27/21,197894,1820,390797,80339,572179,231824,88748,4857,1568458
4/28/21,201187,1821,391936,80410,572649,232042,88989,4857,1573891
4/29/21,204832,1825,395022,80482,573188,232241,89219,4857,1581666
4/30/21,208330,1828,398185,80554,574024,232439,89426,4857,1589643
5/1/21,211853,1831,401186,80619,574780,232650,89608,4857,1597384
5/2/21,215542,1833,403781,80689,575574,232811,89743,4858,1604831
5/3/21,218959,1834,406437,80745,576197,232989,89839,4858,1611858
5/4/21,222408,1840,407639,80800,576699,233181,89979,4858,1617404
5/5/21,226188,1847,408622,80879,577169,233350,90188,4858,1623101
5/6/21,230168,1851,411588,80949,577848,233507,90377,4858,1631146
5/7/21,234083,1860,414399,81018,578558,233685,90527,4858,1638988
5/8/21,238270,1865,416949,81083,579226,233839,90682,4858,1646772
5/9/21,242362,1874,419114,81154,580031,233973,90778,4858,1654144
5/10/21,246116,1875,421316,81208,580639,234107,90847,4858,1660966
5/11/21,249992,1879,422340,81260,581044,234258,90951,4858,1666582
5/12/21,254197,1884,423229,81315,581449,234425,91093,4858,1672450
5/13/21,258317,1891,425540,81370,582044,234552,91227,4858,1679799
5/14/21,262317,1893,428034,81437,582735,234691,91300,4858,1687265
5/15/21,266207,1896,430417,81496,583321,234803,91385,4858,1694383
5/16/21,270284,1900,432628,81541,584008,234935,91466,4858,1701620
5/17/21,274390,1903,434715,81585,584443,235045,91514,4858,1708453
5/18/21,278719,1904,435751,81626,584880,235171,91596,4858,1714505
5/19/21,283248,1912,436537,81659,585244,235304,91686,4860,1720450
5/20/21,287122,1916,439050,81694,585847,235437,91761,4860,1727687
5/21/21,291331,1922,441691,81743,586444,235555,91824,4861,1735371
5/22/21,295525,1926,444094,81776,586972,235657,91892,4861,1742703
5/23/21,299266,1931,446309,81821,587638,235762,91937,4863,1749527
5/24/21,303720,1934,448208,81855,588033,235848,91960,4869,1756427
5/25/21,307231,1938,449068,81889,588321,235973,91983,4875,1761278
5/26/21,311388,1940,449858,81925,588887,236088,92035,4881,1767002
5/27/21,315235,1943,452031,81946,589390,236199,92097,4892,1773733
5/28/21,318895,1946,454429,81982,589910,236297,92141,4905,1780505
5/29/21,322512,1951,456674,82000,590450,236404,92177,4924,1787092
5/30/21,325972,1957,459045,82023,591153,236506,92204,4945,1793805
5/31/21,329100,1959,461057,82045,591463,236602,92221,4955,1799402
6/1/21,331895,1963,461931,82075,591717,236698,92246,4970,1803495
6/2/21,335102,1965,462791,82114,591944,236810,92271,4983,1807980
6/3/21,337989,1968,465199,82139,592280,236908,92303,4995,1813781
6/4/21,340702,1969,467706,82173,592770,237001,92321,5012,1819654
6/5/21,344082,1971,469388,82202,593243,237070,92335,5033,1825324
6/6/21,346759,1973,470842,82234,593830,237160,92352,5070,1830220
6/7/21,349186,1974,472531,82260,594224,237265,92362,5106,1834908
6/8/21,351309,1975,473404,82286,594649,237354,92374,5132,1838483
6/9/21,353528,1977,474414,82305,594970,237459,92386,5154,1842193
6/10/21,359676,1979,476792,82335,595282,237567,92396,5179,1851206
6/11/21,363079,1981,479515,82353,595672,237663,92406,5207,1857876
6/12/21,367081,1982,482019,82379,596057,237751,92417,5231,1864917
6/13/21,370384,1985,484235,82390,596458,237868,92421,5257,1870998
6/14/21,374305,1988,486272,82412,596670,237947,92428,5283,1877305
6/15/21,377031,1992,487401,82430,596818,238032,92442,5298,1881444
6/16/21,379573,1993,488228,82448,597015,238137,92452,5306,1885152
6/17/21,381903,1994,490696,82471,597323,238241,92461,5324,1890413
6/18/21,383490,1996,493693,82493,597664,238345,92468,5343,1895492
6/19/21,385137,1997,496004,82516,597942,238452,92472,5364,1899884
6/20/21,386713,2002,498499,82534,598211,238554,92472,5384,1904369
6/21/21,388135,2004,500800,82543,598464,238649,92474,5395,1908464
6/22/21,389302,2006,501825,82559,598681,238774,92479,5415,1911041
6/23/21,390660,2007,502586,82578,598955,238892,92488,5421,1913587
6/24/21,391981,2008,504717,82597,599257,238999,92491,5445,1917495
6/25/21,393310,2009,507109,82616,599593,239106,92496,5451,1921690
6/26/21,394493,2012,509141,82630,599908,239207,92502,5456,1925349
6/27/21,395751,2013,511142,82642,600312,239322,92502,5469,1929153
6/28/21,396730,2015,512735,82655,600552,239439,92504,5478,1932108
6/29/21,397637,2017,513474,82674,600725,239560,92508,5481,1934076
6/30/21,398454,2018,514092,82690,600918,239694,92515,5490,1935871
7/1/21,399459,2021,515985,82704,601193,239825,92516,5495,1939198
7/2/21,400312,2024,518066,82717,601437,239961,92521,5508,1942546
7/3/21,401050,2025,520095,82732,601726,240111,92525,5523,1945787
7/4/21,402005,2026,521952,82738,602025,240253,92527,5533,1949059
7/5/21,402728,2028,523587,82755,602178,240377,92529,5535,1951717
7/6/21,403281,2032,524417,82764,602302,240537,92531,5537,1953401
7/7/21,404211,2033,525112,82776,602408,240692,92536,5554,1955322
7/8/21,405028,2034,526892,82788,602708,240873,92539,5563,1958425
7/9/21,405939,2036,528540,82798,602961,241044,92541,5566,1961425
7/10/21,407145,2038,530179,82806,603225,241208,92548,5578,1964727
7/11/21,408040,2043,531688,82821,603536,241365,92554,5584,1967631
7/12/21,408764,2044,532893,82838,603683,241537,92554,5588,1969901
7/13/21,410784,2046,533488,82854,603802,241724,92558,5589,1972845
7/14/21,411408,2048,534233,82873,604106,241951,92564,5595,1974778
7/15/21,411989,2050,535838,82893,604442,242133,92570,5601,1977516
7/16/21,412531,2051,537394,82912,604781,242359,92572,5607,1980207
7/17/21,413091,2055,538942,82932,605102,242587,92575,5611,1982895
7/18/21,413609,2057,540398,82974,605471,242823,92580,5612,1985524
7/19/21,414108,2058,541266,82995,605649,243075,92583,5616,1987350
7/20/21,414482,2059,542214,83022,605796,243347,92587,5617,1989124
7/21/21,418480,2060,542756,83056,606082,243659,92596,5621,1994310
7/22/21,418987,2063,544180,83104,606402,243988,92603,5626,1996953
7/23/21,419470,2066,545604,83158,606799,244336,92608,5630,1999671
7/24/21,420016,2068,547016,83210,607142,244644,92612,5632,2002340
7/25/21,420551,2073,548340,83260,607556,245021,92622,5634,2005057
7/26/21,420967,2077,549448,83347,607803,245361,92623,5634,2007260
7/27/21,421382,2079,549924,83407,608052,245758,92628,5634,2008864
7/28/21,422022,2083,550502,83471,608471,246215,92635,5635,2011034
7/29/21,422662,2085,551835,83552,608969,246675,92655,5635,2014068
7/30/21,423217,2089,553179,83624,609458,247153,92665,5635,2017020
7/31/21,423810,2095,554497,83699,609958,247625,92679,5635,2019998
8/1/21,424351,2098,555460,83797,610478,248151,92688,5635,2022658
8/2/21,424773,2099,556370,83883,610873,248688,92694,5637,2025017
8/3/21,425195,2104,556834,83966,611244,249258,92706,5637,2026944
8/4/21,425757,2106,557223,84060,611898,249905,92718,5639,2029306
8/5/21,426290,2109,558432,84157,612601,250489,92729,5639,2032446
8/6/21,426754,2113,559607,84279,613343,251079,92745,5639,2035559
8/7/21,427371,2116,560706,84377,614101,251711,92763,5642,2038787
8/8/21,427862,2121,561762,84493,614938,252338,92777,5654,2041945
8/9/21,428309,2125,562752,84583,615577,252981,92783,5657,2044767
8/10/21,428682,2134,563151,84662,616105,253636,92801,5661,2046832
8/11/21,429179,2135,563562,84779,616829,254386,92825,5662,2049357
8/12/21,429669,2138,564773,84883,617787,255104,92848,5664,2052866
8/13/21,430254,2144,565748,84992,618394,255817,92876,5665,2055890
8/14/21,430732,2148,566896,85122,619382,256533,92894,5667,2059374
8/15/21,431225,2156,567862,85232,620578,257242,92914,5669,2062878
8/16/21,431642,2167,568788,85347,621468,257986,92927,5669,2065994
8/17/21,432079,2173,569058,85464,622149,258759,92950,5669,2068301
8/18/21,432519,2178,569492,85575,622996,259574,92987,5669,2070990
8/19/21,433049,2191,570598,85709,624188,260329,93031,5669,2074764
8/20/21,433589,2197,571662,85817,625683,261209,93067,5674,2078898
8/21/21,433964,2202,572641,85915,627066,261991,93102,5675,2082556
8/22/21,434367,2215,573511,86011,628640,262757,93129,5676,2086306
8/23/21,434756,2222,574209,86098,629812,263574,93150,5676,2089497
8/24/21,435110,2228,574527,86178,630717,264316,93198,5676,2091950
8/25/21,435758,2237,574848,86280,631900,265183,93255,5677,2095138
8/26/21,436365,2257,575742,86370,633561,266004,93314,5678,2099291
8/27/21,436861,2265,576645,86482,635212,266757,93364,5680,2103266
8/28/21,437370,2276,577565,86570,636995,267552,93417,5681,2107426
8/29/21,437830,2279,578326,86658,638834,268288,93469,5681,2111365
8/30/21,438210,2284,579010,86737,640305,269031,93498,5682,2114757
8/31/21,438560,2285,579308,86813,641498,269796,93552,5682,2117494
9/1/21,439020,2292,579574,86908,642714,270546,93629,5683,2120366
9/2/21,439529,2303,580413,86996,644508,271310,93700,5684,2124443
9/3/21,439895,2308,581150,87088,646523,272012,93779,5685,2128440
9/4/21,440225,2315,581914,87161,648550,272694,93846,5685,2132390
9/5/21,440533,2321,582670,87240,650515,273385,93905,5685,2136254
9/6/21,440752,2327,583362,87297,652015,274036,93928,5685,2139402
9/7/21,441042,2330,583628,87356,653351,274724,93998,5685,2142114
9/8/21,441411,2334,583810,87423,654425,275414,94087,5685,2144589
9/9/21,441749,2343,584171,87483,655958,276083,94147,5685,2147619
9/10/21,442009,2348,584421,87550,658079,276694,94220,5686,2151007
9/11/21,442317,2358,585174,87617,660316,277324,94291,5687,2155084
9/12/21,442655,2359,585846,87676,662610,277940,94349,5687,2159122
9/13/21,442874,2360,586558,87718,664367,278501,94374,5687,2162439
9/14/21,443213,2367,586851,87775,665525,279096,94432,5688,2164947
9/15/21,443497,2380,587066,87819,666842,279693,94508,5688,2167493
9/16/21,443928,2386,587797,87877,669278,280255,94590,5688,2171799
9/17/21,444248,2389,588597,87939,671761,280796,94642,5688,2176060
9/18/21,444529,2394,589240,87988,673865,281340,94698,5688,2179742
9/19/21,444838,2404,589573,88037,676199,281887,94735,5688,2183361
9/20/21,445133,2409,590508,88084,677818,282381,94758,5689,2186780
9/21/21,445385,2413,590752,88131,679040,282855,94815,5689,2189080
9/22/21,445768,2419,590955,88170,680371,283394,94872,5689,2191638
9/23/21,446050,2427,591440,88214,682706,283940,94930,5690,2195397
9/24/21,446368,2434,592316,88247,685066,284410,94983,5690,2199514
9/25/21,446658,2441,592964,88276,687134,284846,95040,5690,2203049
9/26/21,446918,2450,593663,88314,689595,285302,95082,5690,2207014
9/27/21,447194,2456,594200,88343,691060,285713,95107,5690,2209763
9/28/21,447373,2464,594443,88366,692108,286137,95170,5691,2211752
9/29/21,447751,2474,594653,88389,694016,286566,95238,5691,2214778
9/30/21,448062,2481,595446,88411,696167,287002,95320,5691,2218580
10/1/21,448339,2497,596122,88436,698424,287405,95386,5691,2222300
10/2/21,448573,2504,596749,88468,700386,287776,95451,5692,2225599
10/3/21,448817,2507,597225,88496,702581,288162,95503,5692,2228983
10/4/21,448997,2513,597723,88528,703901,288510,95529,5692,2231393
10/5/21,449260,2524,597948,88546,704877,288869,95589,5693,2233306
10/6/21,449538,2536,598152,88573,706167,289256,95682,5693,2235597
10/7/21,449856,2544,598829,88586,708218,289593,95778,5693,2239097
10/8/21,450127,2554,599359,88611,710259,289898,95858,5693,2242359
10/9/21,450375,2560,599810,88638,712008,290209,95928,5694,2245222
10/10/21,450589,2575,600425,88657,714263,290548,95977,5695,2248729
10/11/21,450782,2583,600829,88674,715344,290838,96014,5695,2250759
10/12/21,450963,2594,601011,88692,716387,291125,96094,5695,2252561
10/13/21,451189,2605,601213,88715,717343,291440,96197,5695,2254397
10/14/21,451435,2618,601398,88730,719279,291730,96292,5695,2257177
10/15/21,451814,2626,601574,88751,721117,292020,96383,5695,2259980
10/16/21,451980,2644,602099,88769,722678,292284,96489,5695,2262638
10/17/21,452124,2660,602669,88786,724711,292553,96547,5695,2265745
10/18/21,452290,2668,603152,88800,725637,292823,96590,5695,2267655
10/19/21,452454,2689,603282,88816,726367,293055,96727,5695,2269085
10/20/21,452651,2698,603465,88830,728638,293287,96913,5695,2272177
10/21/21,452811,2709,603855,88848,730482,293514,97066,5695,2274980
10/22/21,453042,2725,604228,88871,732316,293750,97254,5695,2277881
10/23/21,453708,2745,604679,88893,733844,293974,97428,5695,2280966
10/24/21,454269,2766,605139,88907,735802,294186,97571,5695,2284335
10/25/21,454712,2773,605457,88923,736456,294402,97628,5695,2286046
10/26/21,455068,2788,605644,88937,736803,294597,97790,5696,2287323
10/27/21,455653,2797,605804,88953,737841,294802,97993,5696,2289539
10/28/21,456386,2808,606246,88967,739879,294986,98211,5696,2293179
10/29/21,457191,2817,606679,88983,741651,295169,98441,5696,2296627
10/30/21,457740,2830,607068,89000,742923,295357,98643,5696,2299257
10/31/21,458186,2849,607462,89007,744715,295560,98790,5696,2302265
11/1/21,458437,2859,607694,89025,745168,295733,98898,5696,2303510
11/2/21,458880,2874,607824,89037,745470,295880,99053,5696,2304714
11/3/21,459191,2892,607922,89052,746661,296073,99350,5696,2306837
11/4/21,459652,2916,608071,89061,748107,296238,99670,5696,2309411
11/5/21,459873,2936,608235,89080,749300,296421,99982,5696,2311523
11/6/21,460265,2956,608671,89090,750503,296568,100262,5696,2314011
11/7/21,460791,2967,609060,89100,752111,296718,100433,5696,2316876
11/8/21,461057,2980,609388,89114,752586,296860,100561,5696,2318242
11/9/21,461389,2998,609447,89132,752841,297004,100857,5696,2319364
11/10/21,461849,3012,609573,89161,754006,297182,101261,5697,2321741
11/11/21,462189,3033,609756,89185,755594,297319,101626,5697,2324399
11/12/21,462690,3051,610036,89206,756933,297466,102038,5697,2327117
11/13/21,463245,3083,610224,89224,757898,297616,102384,5697,2329371
11/14/21,463530,3103,610491,89251,759639,297729,102655,5697,2332095
11/15/21,463655,3115,611222,89268,760182,297875,102830,5697,2333844
11/16/21,463852,3137,611283,89288,760400,298011,103171,5697,2334839
11/17/21,464153,3158,611346,89311,761475,298159,103651,5697,2336950
11/18/21,464623,3187,611478,89334,762930,298313,104107,5697,2339669
11/19/21,465082,3215,611851,89355,764376,298442,104600,5697,2342618
11/20/21,465349,3244,612144,89377,768241,298568,105054,5697,2347674
11/21/21,465662,3274,612370,89390,769910,298693,105303,5697,2350299
11/22/21,465911,3298,612587,89410,770284,298833,105516,5697,2351536
11/23/21,466147,3328,612659,89436,770460,298968,105984,5697,2352679
11/24/21,466584,3363,612782,89467,771632,299110,106543,5697,2355178
11/25/21,466980,3401,613066,89492,773191,299243,107060,5697,2358130
11/26/21,467468,3440,613339,89510,774560,299374,107541,5697,2360929
11/27/21,467933,3492,613642,89539,775025,299491,108017,5697,2362836
11/28/21,468554,3548,613957,89569,775590,299619,108377,5697,2364911
11/29/21,468790,3580,614186,89598,775804,299749,108568,5697,2365972
11/30/21,468980,3624,614278,89620,775997,299887,108987,5697,2367070
12/1/21,469247,3658,614376,89660,777665,300008,109492,5697,2369803
12/2/21,469724,3705,614681,89703,779279,300144,109982,5697,2372915
12/3/21,470115,3739,614964,89740,780997,300303,110458,5697,2376013
12/4/21,470530,3809,615179,89776,782242,300417,110877,5697,2378527
12/5/21,473326,3852,615400,89816,783881,300556,111195,5697,2383723
12/6/21,473537,3893,615570,89854,784453,300664,111403,5697,2385071
12/7/21,473757,3957,615636,89897,784733,300791,111802,5697,2386270
12/8/21,473952,4020,615744,89948,786037,300935,112252,5697,2388585
12/9/21,474111,4077,616018,89993,787882,301066,112690,5697,2391534
12/10/21,474735,4130,616251,90039,789351,301209,113081,5697,2394493
12/11/21,475128,4210,616457,90089,790509,301345,113469,5697,2396904
12/12/21,475434,4253,616691,90140,792487,301459,113752,5697,2399913
12/13/21,475636,4293,616744,90192,792977,301588,113892,5697,2401019
12/14/21,475888,4387,616830,90236,793282,301703,114189,5697,2402212
12/15/21,476135,4456,616878,90298,794595,301829,114581,5697,2404469
12/16/21,476478,4518,616970,90361,796500,301957,114947,5698,2407429
12/17/21,476869,4591,617271,90409,798396,302081,115263,5698,2410578
12/18/21,477158,4644,617395,90497,799508,302200,115569,5698,2412669
12/19/21,477422,4722,617601,90574,801574,302306,115749,5698,2415646
12/20/21,477554,4776,617754,90638,802164,302437,115856,5699,2416878
12/21/21,478007,4828,617803,90709,802449,302550,116081,5699,2418126
12/22/21,478325,4906,617873,90794,803895,302659,116372,5699,2420523
12/23/21,478759,5015,617948,90867,806165,302775,116617,5699,2423845
12/24/21,479133,5071,618091,90942,808002,302898,116832,5699,2426668
12/25/21,479520,5176,618228,91025,811181,302996,116960,5699,2430785
12/26/21,479682,5245,618392,91099,812536,303117,117040,5699,2432810
12/27/21,479997,5300,618392,91181,812798,303228,117122,5699,2433717
12/28/21,480290,5346,618448,91265,813064,303346,117295,5699,2434753
12/29/21,480592,5382,618534,91361,815012,303464,117518,5699,2437562
12/30/21,480860,5455,618705,91453,817194,303581,117713,5699,2440660
12/31/21,481080,5563,618817,91555,819004,303684,117905,5699,2443307
1/1/22,481486,5625,618984,91656,820336,303780,118013,5699,2445579
1/2/22,481770,5694,619056,91750,821671,303887,118071,5699,2447598
1/3/22,481893,5730,619105,91855,822097,303996,118138,5699,2448513
1/4/22,482017,5781,619133,91957,822469,304102,118290,5699,2449448
1/5/22,482551,5838,619209,92094,824133,304246,118481,5699,2452251
1/6/22,482876,5887,619384,92234,826967,304379,118633,5699,2456059
1/7/22,483178,5932,619513,92355,828811,304518,118754,5699,2458760
1/8/22,483463,5986,619641,92470,830893,304655,118872,5699,2461679
1/9/22,483790,6037,619822,92595,833362,304789,118939,5699,2465033
1/10/22,483936,6071,619937,92735,834227,304930,118983,5699,2466518
1/11/22,484213,6114,619981,92872,834917,305100,119080,5699,2467976
1/12/22,484655,6166,620091,93052,836906,305282,119200,5699,2471051
1/13/22,485035,6210,620238,93210,840083,305465,119313,5699,2475253
1/14/22,485350,6259,620371,93381,842561,305690,119424,5700,2478736
1/15/22,485752,6281,620545,93564,844713,305914,119528,5700,2481997
1/16/22,486066,6310,620796,93756,847698,306155,119607,5700,2486088
1/17/22,486451,6333,620971,93936,849073,306400,119658,5700,2488522
1/18/22,486761,6378,621045,94149,849943,306676,119803,5700,2490455
1/19/22,487202,6452,621166,94366,851394,306991,119932,5700,2493203
1/20/22,487693,6480,621517,94579,854042,307361,120057,5700,2497429
1/21/22,488396,6501,621855,94803,857302,307716,120198,5700,2502471
1/22/22,488884,6529,622205,95011,860180,308102,120332,5700,2506943
1/23/22,489409,6540,622563,95237,864012,308504,120433,5700,2512398
1/24/22,489848,6565,622801,95428,865226,308955,120509,5700,2515032
1/25/22,490462,6588,623097,95630,866184,309384,120673,5700,2517718
1/26/22,491127,6620,623356,95877,868976,309877,120854,5700,2522387
1/27/22,491700,6654,623843,96123,872497,310433,121028,5700,2527978
1/28/22,492327,6678,624413,96360,875887,310951,121201,5700,2533517
1/29/22,493198,6712,625085,96580,878782,311499,121375,5700,2538931
1/30/22,494091,6732,625884,96829,882379,312048,121513,5700,2545176
1/31/22,495050,6755,626524,97074,883888,312587,121594,5700,2549172
2/1/22,496242,6772,626854,97302,884810,313143,121807,5700,2552630
2/2/22,497975,6787,627138,97567,887574,313685,122054,5700,2558480
2/3/22,498983,6812,628067,97816,891760,314273,122317,5700,2565728
2/4/22,500055,6836,628960,98053,894952,314840,122553,5700,2571949
2/5/22,501114,6858,630001,98289,897681,315377,122776,5700,2577796
2/6/22,501979,6873,630494,98518,901085,315869,122933,5700,2583451
2/7/22,502874,6886,631802,98730,902331,316359,123036,5700,2587718
2/8/22,504062,6922,632193,98948,903038,316848,123278,5700,2590989
2/9/22,505279,6943,632621,99160,906311,317328,123571,5700,2596913
2/10/22,506520,6963,633810,99379,910066,317808,123858,5702,2604106
2/11/22,507177,7012,635074,99601,913072,318291,124151,5703,2610081
2/12/22,507981,7045,636017,99783,915647,318700,124386,5703,2615262
2/13/22,508665,7081,637152,99990,918550,319098,124551,5706,2620793
2/14/22,509011,7102,638048,100151,919511,319491,124663,5706,2623683
2/15/22,509358,7163,638362,100319,920233,319872,124906,5708,2625921
2/16/22,509872,7202,638835,100474,923182,320251,125191,5712,2630719
2/17/22,510413,7238,639689,100658,926567,320592,125498,5715,2636370
2/18/22,510905,7283,640774,100807,929242,320905,125814,5726,2641456
2/19/22,511230,7354,641902,100937,931554,321189,126060,5747,2645973
2/20/22,511903,7405,643029,101036,933861,321424,126239,5764,2650661
2/21/22,512109,7450,643880,101138,934577,321673,126342,5776,2652945
2/22/22,512344,7508,644286,101234,935166,321912,126586,5788,2654824
2/23/22,512622,7607,644604,101329,936280,322159,126861,5824,2657286
2/24/22,512924,7689,645420,101451,939554,322405,127147,5873,2662463
2/25/22,513226,7783,646419,101551,942152,322609,127402,5913,2667055
2/26/22,513481,7895,647390,101642,944632,322798,127643,5986,2671467
2/27/22,513724,7944,647390,101737,946972,322945,127785,6066,2674563
2/28/22,513843,8058,648913,101814,947546,323105,127869,6148,2677296
3/1/22,514023,8170,649134,101876,947902,323255,128074,6233,2678667
3/2/22,514246,8266,649333,101973,950094,323404,128349,6479,2682144
3/3/22,514388,8394,649630,102052,952072,323510,128628,6657,2685331
3/4/22,514589,8580,650000,102114,953602,323635,128895,6855,2688270
3/5/22,514878,8796,650578,102196,954968,323734,129131,7043,2691324
3/6/22,515036,8957,651255,102266,956535,323836,129263,7263,2694411
3/7/22,515102,9096,651927,102325,956856,323903,129381,7496,2696086
3/8/22,515210,9282,652143,102396,957220,323993,129651,7776,2697671
3/9/22,515355,9440,652341,102453,958738,324077,129930,8067,2700401
3/10/22,515459,9646,652829,102524,960464,324147,130227,8358,2703654
3/11/22,515714,9875,653498,102593,962424,324215,130492,8639,2707450
3/12/22,515803,10144,654086,102665,963691,324287,130803,8933,2710412
3/13/22,515850,10395,654556,102727,965127,324347,130965,9218,2713185
3/14/22,515877,10595,654945,102786,965632,324409,131062,9482,2714788
3/15/22,515974,10888,655078,102830,965826,324458,131326,9768,2716148
3/16/22,516072,11052,655249,102883,963386,324503,131652,10057,2714854
3/17/22,516132,11481,655585,102943,964821,324552,132001,10336,2717851
3/18/22,516281,11782,655940,103001,966323,324591,132341,10625,2720884
3/19/22,516352,12101,656425,103052,967387,324626,132627,10890,2723460
3/20/22,516479,12428,656798,103093,968353,324669,132780,11139,2725739
3/21/22,516510,12757,657102,103155,968551,324701,132872,11387,2727035
3/22/22,516543,13141,657205,103196,968701,324735,133180,11610,2728311
3/23/22,516605,13432,657302,103240,969480,324761,133507,11855,2730182
3/24/22,516672,13902,657696,103280,970414,324791,133794,12060,2732609
3/25/22,516755,14294,657998,103326,971659,324818,134070,12261,2735181
3/26/22,520855,14617,658310,103375,972555,324840,134333,12453,2741338
3/27/22,521004,14899,658566,103415,973325,324865,134481,12592,2743147
3/28/22,521035,15186,658566,103450,973503,324884,134591,12743,2743958
3/29/22,521070,15423,658879,103486,973596,324911,134824,12911,2745100
3/30/22,521101,15855,658956,103518,974284,324932,135084,13062,2746792
3/31/22,521129,16230,659241,103565,975015,324953,135349,13197,2748679
4/1/22,521181,16590,659504,103615,976185,324976,135596,13316,2750963
4/2/22,521264,16929,659757,103653,976892,324993,135830,13436,2752754
4/3/22,521345,17235,660002,103692,977477,325014,135931,13552,2754248
4/4/22,521358,17453,660108,103729,977623,325026,135987,13663,2754947
4/5/22,521416,17662,660147,103765,977738,325039,136218,13753,2755738
4/6/22,521487,18033,660312,103802,978087,325063,136461,13840,2757085
4/7/22,521530,18381,660528,103851,978612,325078,136677,13951,2758608
4/8/22,521573,18754,660723,103893,979553,325095,136885,14048,2760524
4/9/22,521656,19092,660973,103946,980075,325108,137050,14134,2762034
4/10/22,521685,19421,661122,103981,980950,325126,137127,14197,2763609
4/11/22,521691,19679,661220,104023,981089,325132,137179,14262,2764275
4/12/22,521710,19850,661258,104070,981158,325141,137375,14319,2764881
4/13/22,521736,20034,661327,104108,981489,325147,137562,14378,2765781
4/14/22,521737,20352,661493,104169,982222,325158,137725,14440,2767296
4/15/22,521743,20616,661656,104213,982824,325170,137903,14494,2768619
4/16/22,521747,20889,661796,104254,983533,325184,137966,14561,2769930
4/17/22,521751,21092,661907,104300,984065,325193,138026,14602,2770936
4/18/22,521965,21224,661938,104365,984112,325208,138072,14634,2771518
4/19/22,521966,21354,661960,104415,984166,325217,138128,14661,2771867
4/20/22,522006,21520,662026,104459,984536,325224,138336,14687,2772794
4/21/22,522062,21667,662151,104511,984964,325231,138501,14705,2773792
4/22/22,522116,21873,662414,104555,985507,325239,138641,14742,2775087
4/23/22,522149,22024,662506,104608,986160,325251,138746,14769,2776213
4/24/22,522193,22133,662557,104671,986476,325258,138790,14817,2776895
4/25/22,522223,22243,662610,104727,986547,325266,138814,14881,2777311
4/26/22,523622,22325,662646,104779,986608,325270,138966,14951,2779167
4/27/22,523654,22466,662722,104829,986842,325273,139084,15006,2779876
4/28/22,523693,22588,662866,104883,987223,325282,139199,15063,2780797
4/29/22,523753,22724,663111,104935,987955,325289,139293,15122,2782182
4/30/22,523803,22794,663225,104992,988240,325291,139365,15182,2782892
5/1/22,523843,22875,663410,105042,988716,325299,139396,15233,2783814
5/2/22,523869,22958,663497,105093,988807,325306,139412,15273,2784215
5/3/22,523889,23007,663513,105152,988941,325313,139528,15301,2784644
5/4/22,523920,23079,663602,105200,989128,325321,139621,15329,2785200
5/5/22,523975,23158,663694,105262,989773,325327,139698,15350,2786237
5/6/22,524002,23206,663759,105328,990578,325329,139768,15372,2787342
5/7/22,524024,23289,663896,105384,990872,325333,139829,15406,2788033
5/8/22,524064,23360,664091,105455,991350,325339,139849,15425,2788933
5/9/22,524093,23400,664126,105512,991408,325346,139870,15450,2789205
5/10/22,524103,23462,664139,105575,991473,325351,139950,15469,2789522
5/11/22,524157,23491,664192,105649,991659,325354,140031,15493,2790026
5/12/22,524181,23554,664390,105726,992051,325363,140088,15509,2790862
5/13/22,524190,23606,664516,105791,992617,325368,140152,15529,2791769
5/14/22,524201,23661,664641,105880,992874,325369,140204,15574,2792404
5/15/22,524214,23709,664780,105946,993302,325371,140222,15618,2793162
5/16/22,524241,23744,664872,106007,993375,325379,140228,15642,2793488
5/17/22,524260,23771,664918,106065,993435,325383,140298,15672,2793802
5/18/22,524293,23802,664987,106132,993660,325389,140355,15713,2794331
5/19/22,524303,23842,665216,106195,994018,325393,140404,15759,2795130
5/20/22,524323,23885,665319,106255,994620,325395,140446,15819,2796062
5/21/22,524348,23911,665433,106320,994870,325400,140475,15873,2796630
5/22/22,524413,23965,665493,106387,995341,325407,140492,15935,2797433
5/23/22,524459,23987,665528,106437,995431,325411,140501,15989,2797743
5/24/22,524490,24006,665627,106496,995494,325418,140561,16030,2798122
5/25/22,524507,24029,665666,106554,995883,325423,140603,16072,2798737
5/26/22,524525,24063,665905,106616,996349,325427,140632,16151,2799668
5/27/22,524539,24103,666037,106664,997043,325435,140638,16258,2800717
5/28/22,524572,24139,666180,106708,997355,325438,140659,16385,2801436
5/29/22,524586,24158,666319,106750,997925,325443,140665,16513,2802359
5/30/22,524611,24167,666391,106788,998006,325447,140669,16658,2802737
5/31/22,524630,24176,666453,106824,998054,325450,140704,16769,2803060
6/1/22,524636,24197,666516,106871,998130,325455,140741,16859,2803405
6/2/22,524641,24212,666676,106912,998493,325461,140772,16982,2804149
6/3/22,524651,24229,666801,106971,999057,325464,140795,17127,2805095
6/4/22,524677,24238,666928,107007,999405,325467,140819,17271,2805812
6/5/22,524692,24258,666971,107045,999838,325474,140824,17423,2806525
6/6/22,524701,24279,666997,107079,999914,325479,140831,17551,2806831
6/7/22,524708,24299,667005,107115,1000029,325482,140838,17702,2807178
6/8/22,524715,24305,667041,107147,1000313,325486,140897,17829,2807733
6/9/22,524723,24323,667348,107184,1000775,325488,140939,17988,2808768
6/10/22,524747,24341,667647,107220,1001413,325491,140961,18200,2810020
6/11/22,524757,24351,667790,107245,1001660,325498,140994,18413,2810708
6/12/22,524761,24371,667960,107264,1002029,325504,140998,18624,2811511
6/13/22,524771,24388,668074,107269,1002166,325511,141003,18787,2811969
6/14/22,524777,24390,668110,107272,1002246,325526,141047,18896,2812264
6/15/22,524792,24399,668180,107272,1002513,325536,141092,19020,2812804
6/16/22,524803,24407,668354,107272,1002920,325548,141135,19164,2813603
6/17/22,524817,24416,668693,107272,1003471,325552,141152,19332,2814705
6/18/22,524840,24427,668844,107482,1003753,325559,141194,19486,2815585
6/19/22,524855,24441,668916,107482,1004131,325570,141206,19668,2816269
6/20/22,524873,24451,669010,107482,1004203,325579,141217,19842,2816657
6/21/22,524890,24463,669065,107482,1004290,325590,141292,19987,2817059
6/22/22,524903,24474,669161,107604,1004417,325600,141323,20102,2817584
6/23/22,524941,24488,669390,107604,1004902,325612,141355,20274,2818566
6/24/22,524954,24498,669530,107604,1005485,325631,141396,20441,2819539
6/25/22,524974,24519,669895,107799,1005936,325645,141432,20593,2820793
6/26/22,524999,24522,670229,107799,1006380,325659,141444,20744,2821776
6/27/22,525020,24525,670369,107799,1006434,325676,141450,20878,2822151
6/28/22,525047,24530,670405,107799,1006461,325698,141491,20969,2822400
6/29/22,525077,24537,670532,107906,1006705,325721,141518,21073,2823069
6/30/22,525116,24547,670848,107906,1007229,325734,141546,21158,2824084
7/1/22,525139,24555,671125,107906,1007735,325761,141574,21278,2825073
7/2/22,525168,24562,671416,108111,1008140,325772,141586,21400,2826155
7/3/22,525199,24570,671700,108111,1008619,325783,141590,21499,2827071
7/4/22,525223,24574,671858,108111,1008629,325792,141590,21589,2827366
7/5/22,525242,24576,671911,108111,1008640,325793,141608,21658,2827539
7/6/22,525270,24583,672033,108259,1008832,325793,141619,21761,2828150
7/7/22,525305,24593,672429,108259,1009269,325868,141627,21857,2829207